USE vezetvsem;
INSERT IGNORE users (username, firstname, lastname, email, phone, password_hash, location_index, status_user) VALUES
('1user', 'Иван', 'Иванов', '1@mail.ru', 71111111111, SHA1('1@mail.ru'), 141570, 'customer'),
('2user', 'Андрей', 'Андреев', '2@mail.ru', 71111111112, SHA1('2@mail.ru'), 111111, 'contractor'),
('3user', 'Егор', 'Егоров', '3@mail.ru', 71111111113, SHA1('3@mail.ru'), 222222, 'customer'),
('4user', 'Петр', 'Петров', '4@mail.ru', 71111111114, SHA1('4@mail.ru'), 333333, 'contractor'),
('5user', 'Максим', 'Соколов', '5@mail.ru', 71111111115, SHA1('5@mail.ru'), 666888, 'customer'),
('6user', 'Игорь', 'Еремеев', '6@mail.ru', 71111111116, SHA1('6@mail.ru'), 741852, 'contractor'),
('7user', 'Игорь', 'Шпак', '7@mail.ru', 71111111117, SHA1('7@mail.ru'), 123456, 'customer'),
('8user', 'Антон', 'Елисеев', '8@mail.ru', 71111111118, SHA1('8@mail.ru'), 7889963, 'contractor'),
('9user', 'Василий', 'Антонов', '9@mail.ru', 71111111119, SHA1('9@mail.ru'), 753951, 'customer'),
('10user', 'Андрей', 'Лебедев', '10@mail.ru', 71111111110, SHA1('10@mail.ru'), 258741, 'contractor'),
('11user', 'Александр', 'Иващенко', '11@mail.ru', 72111111111, SHA1('11@mail.ru'), 142270, 'customer'),
('12user', 'Александр', 'Пурис', '12@mail.ru', 73111111112, SHA1('12@mail.ru'), 112211, 'contractor'),
('13user', 'Семен', 'Фокин', '13@mail.ru', 74111111113, SHA1('13@mail.ru'), 223322, 'customer'),
('14user', 'Артур', 'Арамян', '14@mail.ru', 75111111114, SHA1('14@mail.ru'), 3322333, 'contractor'),
('15user', 'Юрий', 'Ефимов', '15@mail.ru', 76111111115, SHA1('15@mail.ru'), 662288, 'customer'),
('16user', 'Геннадий', 'Филипов', '16@mail.ru', 77111111116, SHA1('16@mail.ru'), 742252, 'contractor'),
('17user', 'Евгений', 'Гаврюшин', '17@mail.ru', 78111111117, SHA1('17@mail.ru'), 122256, 'customer'),
('18user', 'Борис', 'Сидоров', '18@mail.ru', 79111111118, SHA1('18@mail.ru'), 7882263, 'contractor'),
('19user', 'Арсений', 'Ким', '19@mail.ru', 799111111119, SHA1('19@mail.ru'), 752251, 'customer'),
('20user', 'Василий', 'Соловьев', '20@mail.ru', 79991111110, SHA1('20@mail.ru'), 258221, 'contractor');
SELECT * FROM vezetvsem.users;

INSERT IGNORE customers (users_id, bithday, adress, created_at) VALUES
(20, '1990-12-10', 'Московская обл', DEFAULT),
(21, '1963-10-10', 'Москва', DEFAULT);

SELECT * FROM vezetvsem.customers



INSERT IGNORE application_for_order (id, name, description, comments, created_at) VALUES
(1, 'Перевозка шкафа', 'Необходимо перевезти шкаф 120х60 см из Москвы ул вавилова в Моковскую обл пос. Менделеево', NULL, DEFAULT),
(2, 'Перевозка мебели', 'Необходимо перевезти шкаф 120х60 см из Москвы ул вавилова в Моковскую обл пос. Менделеево', NULL, DEFAULT),
(3, 'Перевозка строительных материалов', 'Необходимо перевезти шкаф 120х60 см из Москвы ул вавилова в Моковскую обл пос. Менделеево', NULL, DEFAULT),
(4, 'Перевозка животных', 'Необходимо перевезти шкаф 120х60 см из Москвы ул вавилова в Моковскую обл пос. Менделеево', NULL, DEFAULT),
(5, 'Перевозка бревен', 'Необходимо перевезти шкаф 120х60 см из Москвы ул вавилова в Моковскую обл пос. Менделеево', NULL, DEFAULT),
(6, 'Перевозка одежды', 'Необходимо перевезти шкаф 120х60 см из Москвы ул вавилова в Моковскую обл пос. Менделеево', NULL, DEFAULT),
(7, 'Перевозка мусора', 'Необходимо перевезти шкаф 120х60 см из Москвы ул вавилова в Моковскую обл пос. Менделеево', NULL, DEFAULT),
(8, 'Перевозка к', 'Необходимо перевезти шкаф 120х60 см из Москвы ул вавилова в Моковскую обл пос. Менделеево', NULL, DEFAULT);
SELECT * FROM vezetvsem.application_for_order;

INSERT IGNORE service_providers_urlico (users_id, name_of_organisation, OGRN, INN, KPP, bank_details, raschetniy_schet, korrespond_schet,created_at, cars_number, cars_types_id) VALUES
(1, 'ООО Иван да Марья', '1205200000070', '5256186307', '525601001', 'Сбербанк ПАО', '40702810500000000001','3010100000500000001',DEFAULT, 20, 1),
(2, 'ООО Транспортировки', '2205200040070', '5258186307', '525621051', ' ВТБ', '40702810500500055541','30101555000400500021',DEFAULT, 2, 2),
(3, 'ООО Восток Запад', '320520999999070', '525618630700', '5250601001', 'Сбербанк ПАО', '407028100500500004001','30101000000000000031',DEFAULT, 100, 1),
(4, 'ООО Доставим в срок ', '4205200000070', '4256186307', '525681001', 'Райффайзенбанк', '40702810500000020001','3010100000000000041',DEFAULT, 220, 3),
(5, 'ООО Ромашка', '52052000000070', '825160186307', '52506011001', 'Сбербанк ПАО', '407028110500000000408881','301010000919099000071',DEFAULT, 230, 1),
(6, 'ООО Спринтер', '6205200000070', '5256188307', '525801001', 'Уралсиб', '40702810500004004001','3010100000000000081',DEFAULT, 820, 3),
(7, 'ООО ТрансАвто', '7205200000070', '5256286307', '525602001', 'Сбербанк ПАО', '40702810500040000001','3010100033000000021',DEFAULT, 23, 1),
(8, 'ООО Интэлвэй', '8205200000070', '5256786307', '525101001', 'Сбербанк ПАО', '40702810500000004001','3010100220000000081',DEFAULT, 35, 2),
(9, 'ООО Сириус', '9205200000070', '5256186387', '525901001', 'Альфабанк', '40702810504000000001','3010100000440000041',DEFAULT, 28, 1);

SELECT * FROM vezetvsem.service_providers_urlico;

INSERT IGNORE service_providers_ind_predpr (users_id, mesto_registracii, OGRN, bank_details, raschetniy_schet, korrespond_schet, created_at, cars_number, cars_types_id) VALUES
(DEFAULT, 'Москва', '4556874632874136857', 'ПАО Сбербанк', 554541161671617842, 2154051254646462, DEFAULT, 5, 1),
(1, 'Санкт-Петербург', '4556874652874136857', 'Альфабанк', 454541161671617842, 2154051254646463, DEFAULT, 10, 2),
(2, 'Курган', '4555874632874136857', 'ТинкоффБанк', 354541161671617842, 2154051254646464, DEFAULT, 2, 1),
(3, 'Тверь', '4556874632874135857', 'ПАО Сбербанк', 254541161671617842, 2154051254646465, DEFAULT, 14, 2),
(4, 'Москва', '4556875632874136857', 'ПАО Сбербанк', 154541161671617842, 2154051254646466, DEFAULT, 1, 1),
(5, 'Солнечногорск', '4556874632874136855', 'ПАО Сбербанк', 954541161671617842, 2154051254646467, DEFAULT,8, 2),
(6, 'Талдом', '4556874632874136850', 'ПАО Сбербанк', 854541161671617842, 2154051254646468, DEFAULT, 2, 1),
(7, 'Екатеринбург', '4556874632874136851', 'Альфабанк', 754541161671617842, 2154051254646469, DEFAULT, 5, 2),
(8, 'Москва', '4556874632874136853', 'Юникредитбанк', 654541161671617842, 2154051254646499, DEFAULT, 6, 1),
(9, 'Тула', '4556874632874136859', 'Газпромбанк', 954541188671617842, 2154051254646999, DEFAULT, 15, 2);
SELECT * FROM vezetvsem.service_providers_ind_predpr;

INSERT IGNORE cars_types (id, name, load_capacity, category, service_providers_ind_predpr_users_id, service_providers_urlico_users_id) VALUES
(1, 'Газель', '1.5', 'B', 9,8),
(2, 'ЗИЛ', '5', 'C', 1,2),
(3, 'МАЗ', '15', 'C', 2,3),
(4, 'Еврофура', '20', 'CE', 7,6),
(5, 'ЗИЛ Бычок', '3', 'B', 3,2);
SELECT * FROM vezetvsem.cars_types;

INSERT INTO `media_types` VALUES (1,'audio'),(2,'img'),(3,'video');
SELECT * FROM vezetvsem.media_types;

INSERT IGNORE orders (application_for_order_id,number,price,date_of_registration,date_of_end,status) VALUES
(1, '0001', '10000', '2021-01-01', '2021-01-03', 'completed'),
(2, '0002', '15000', '2021-01-02', '2021-01-26', 'completed'),
(3, '0003', '25000', '2021-01-03', '2021-01-21', 'completed'),
(4, '0004', '300000', '2021-01-04', '2021-01-18', 'completed'),
(5, '0005', '45000', '2021-01-05', '2021-01-06', 'completed'),
(6, '0006', '1000', '2021-01-06', '2021-01-17', 'completed'),
(7, '0007', '12000', '2021-01-07', '2021-01-19', 'completed'),
(8, '0008', '185000', '2021-01-08', '2021-01-20', 'completed');
SELECT * FROM vezetvsem.orders; 




